<?xml version="1.0" encoding="UTF-8"?>
<classpath>
	<classpathentry kind="src" path="src"/>
	<classpathentry kind="con" path="org.eclipse.jdt.launching.JRE_CONTAINER/org.eclipse.jdt.internal.debug.ui.launcher.StandardVMType/JavaSE-17">
		<attributes>
			<attribute name="module" value="true"/>
		</attributes>
	</classpathentry>
	<classpathentry kind="lib" path="E:/hasnain documents/mysql-connector-java-8.0.28/mysql-connector-java-8.0.28.jar"/>
	<classpathentry kind="lib" path="C:/Users/Hp/Downloads/rs2xml.jar"/>
	<classpathentry kind="output" path="bin"/>
</classpath>
